name,label,type,length,format
YEAR,SDOH file year,num,4,4.
COUNTYFIPS,State-county FIPS Code (5-digit),char,5,$5.
STATEFIPS,State FIPS Code (2-digit),char,2,$2.
STATE,State name,char,25,$25.
COUNTY,County name,char,75,$75.
REGION,Census region name,char,25,$25.
TERRITORY,"Territory indicator (1= U.S. Territory, 0= U.S. State or DC)",num,3,1.
ACS_TOT_POP_WT,Total weighted population,num,8,12.
ACS_TOT_POP_US_ABOVE1,Total population in the U.S. (ages 1 and over),num,8,12.
ACS_TOT_POP_ABOVE5,Total population (ages 5 and over),num,8,12.
ACS_TOT_POP_ABOVE15,Total population (ages 15 and over),num,8,12.
ACS_TOT_POP_ABOVE16,Total population (ages 16 and over),num,8,12.
ACS_TOT_POP_16_19,Total population (between ages 16 and 19),num,8,12.
ACS_TOT_POP_ABOVE25,Total population (ages 25 and over),num,8,12.
ACS_TOT_CIVIL_POP_ABOVE18,Total civilian population (ages 18 and over),num,8,12.
ACS_TOT_CIVIL_VET_POP_ABOVE25,Total civilian population who are veterans (ages 25 and over),num,8,12.
ACS_TOT_OWN_CHILD_BELOW17,Total own children (ages 17 and below),num,8,12.
ACS_TOT_WORKER_NWFH,Total workers who do not work from home (ages 16 and over),num,8,12.
ACS_TOT_WORKER_HH,Total workers in households (ages 16 and over),num,8,12.
ACS_TOT_CIVILIAN_LABOR,Total population in the civilian labor force (ages 16 and over),num,8,12.
ACS_TOT_CIVIL_EMPLOY_POP,Total civilian employed population (ages 16 and over),num,8,12.
ACS_TOT_POP_POV,Total population for whom poverty status is determined,num,8,12.
ACS_TOT_CIVIL_NONINST_POP_POV,Total civilian noninstitutionalized population for whom poverty status is determined,num,8,12.
ACS_TOT_CIVIL_POP_POV,Total civilian population for whom poverty status is determined (ages 18 and over),num,8,12.
ACS_TOT_GRANDCHILDREN_GP,Total grandchildren under 18 living with grandparent householder,num,8,12.
ACS_TOT_HU,Total housing units,num,8,12.
ACS_TOT_HH,Total number of households,num,8,12.
ACS_AVG_HH_SIZE,Average household size,num,8,12.2
ACS_TOT_CIVIL_NONINST_POP,Total civilian noninstitutionalized population,num,8,12.
ACS_TOT_CIVIL_VET_POP,Total number of civilian veterans (ages 18 and over),num,8,12.
ACS_PCT_CHILD_DISAB,Percentage of children with a disability (ages 17 and below),num,8,6.2
ACS_PCT_DISABLE,Percentage of population with a disability,num,8,6.2
ACS_PCT_NONVET_DISABLE_18_64,Percentage of nonveterans with a disability (between ages 18 and 64),num,8,6.2
ACS_PCT_VET_DISABLE_18_64,Percentage of civilian veterans with a disability (between ages 18 and 64),num,8,6.2
ACS_PCT_MALE,Percentage of population that is male,num,8,6.2
ACS_PCT_FEMALE,Percentage of population that is female,num,8,6.2
ACS_PCT_CTZ_US_BORN,"Percentage of population consisting of U.S. citizens born in United States, Puerto Rico, or U.S. Islands",num,8,6.2
ACS_PCT_CTZ_NONUS_BORN,Percentage of population consisting of U.S. citizens born abroad of American parents or naturalized,num,8,6.2
ACS_PCT_FOREIGN_BORN,Percentage of population that is foreign-born,num,8,6.2
ACS_PCT_NON_CITIZEN,Percentage of population who are not U.S. citizens,num,8,6.2
ACS_PCT_CTZ_NATURALIZED,Percentage of population consisting of U.S. citizens by naturalization,num,8,6.2
ACS_PCT_CTZ_ABOVE18,Percentage of population who are citizens (ages 18 and over),num,8,6.2
ACS_PCT_NONCTN_1990,Percentage of population who are not U.S. citizens and entered U.S. before 1990,num,8,6.2
ACS_PCT_NONCTN_1999,Percentage of population who are not U.S. citizens and entered U.S. between 1990 and 1999,num,8,6.2
ACS_PCT_NONCTN_2000,Percentage of population who are not U.S. citizens and entered U.S. between 2000 and 2009,num,8,6.2
ACS_PCT_NONCTN_2010,Percentage of population who are not U.S. citizens and entered U.S. since 2010,num,8,6.2
ACS_PCT_API_LANG,Percentage of population that speaks Asian and Pacific Island languages (ages 5 and over),num,8,6.2
ACS_PCT_ENGL_NOT_ALL,Percentage of population that speaks a language other than English that does not speak English at all (ages 5 and over),num,8,6.2
ACS_PCT_ENGL_NOT_WELL,Percentage of population that speaks a language other than English that does not speak English well (ages 5 and over),num,8,6.2
ACS_PCT_ENGL_VERY_WELL,Percentage of population that speaks a language other than English that speaks English very well (ages 5 and over),num,8,6.2
ACS_PCT_ENGL_WELL,Percentage of population that speaks a language other than English that speaks English well (ages 5 and over),num,8,6.2
ACS_PCT_ENGLISH,Percentage of population that only speaks English (ages 5 and over),num,8,6.2
ACS_PCT_HH_LIMIT_ENGLISH,Percentage of limited English speaking households,num,8,6.2
ACS_PCT_OTH_EURP,Percentage of population who speak other Indo-European languages (ages 5 and over),num,8,6.2
ACS_PCT_OTH_LANG,Percentage of population who speak other languages (ages 5 and over),num,8,6.2
ACS_PCT_SPANISH,Percentage of population that speaks Spanish (ages 5 and over),num,8,6.2
ACS_PCT_VET,Percentage of the civilian population consisting of veterans (ages 18 and over),num,8,6.2
ACS_PCT_GULFWAR_1990_2001,Percentage of the civilian veteran population that served during the Gulf War period from August 1990 to August 2001 (ages 18 and over),num,8,6.2
ACS_PCT_GULFWAR_2001,Percentage of the civilian veteran population that served during the Gulf War period from September 2001 or later (ages 18 and over),num,8,6.2
ACS_PCT_GULFWAR_VIETNAM,Percentage of the civilian veteran population that served between Gulf War and Vietnam era (ages 18 and over),num,8,6.2
ACS_PCT_VIETNAM,Percentage of the civilian veteran population that served in the Vietnam era (ages 18 and over),num,8,6.2
ACS_MEDIAN_AGE,Median age of total population,num,8,4.1
ACS_MEDIAN_AGE_MALE,Median age of male population,num,8,4.1
ACS_MEDIAN_AGE_FEMALE,Median age of female population,num,8,4.1
ACS_PCT_AGE_0_4,Percentage of population between ages 0-4,num,8,6.2
ACS_PCT_AGE_5_9,Percentage of population between ages 5-9,num,8,6.2
ACS_PCT_AGE_10_14,Percentage of population between ages 10-14,num,8,6.2
ACS_PCT_AGE_15_17,Percentage of population between ages 15-17,num,8,6.2
ACS_PCT_AGE_0_17,Percentage of population between ages 0-17,num,8,6.2
ACS_PCT_AGE_18_29,Percentage of population between ages 18-29,num,8,6.2
ACS_PCT_AGE_18_44,Percentage of population between ages 18-44,num,8,6.2
ACS_PCT_AGE_30_44,Percentage of population between ages 30-44,num,8,6.2
ACS_PCT_AGE_45_64,Percentage of population between ages 45-64,num,8,6.2
ACS_PCT_AGE_50_64,Percentage of population between ages 50-64,num,8,6.2
ACS_PCT_AGE_ABOVE65,Percentage of population ages 65 and over,num,8,6.2
ACS_PCT_AGE_ABOVE80,Percentage of population ages 80 and over,num,8,6.2
ACS_PCT_AIAN,Percentage of population reporting American Indian and Alaska Native race alone,num,8,6.2
ACS_PCT_AIAN_FEMALE,Percentage of American Indian and Alaska Native alone population reporting female,num,8,6.2
ACS_PCT_AIAN_MALE,Percentage of American Indian and Alaska Native alone population reporting male,num,8,6.2
ACS_PCT_AIAN_NONHISP,Percentage of non-Hispanic population reporting American Indian and Alaska Native race alone,num,8,6.2
ACS_PCT_ASIAN,Percentage of population reporting Asian race alone,num,8,6.2
ACS_PCT_ASIAN_FEMALE,Percentage of Asian alone population reporting female,num,8,6.2
ACS_PCT_ASIAN_MALE,Percentage of Asian alone population reporting male,num,8,6.2
ACS_PCT_ASIAN_NONHISP,Percentage of non-Hispanic population reporting Asian race alone,num,8,6.2
ACS_PCT_BLACK,Percentage of population reporting Black or African American race alone,num,8,6.2
ACS_PCT_BLACK_FEMALE,Percentage of Black or African American alone population reporting female,num,8,6.2
ACS_PCT_BLACK_MALE,Percentage of Black or African American alone population reporting male,num,8,6.2
ACS_PCT_BLACK_NONHISP,Percentage of non-Hispanic population reporting Black or African American race alone,num,8,6.2
ACS_PCT_HISP_FEMALE,Percentage of Hispanic or Latino population reporting female,num,8,6.2
ACS_PCT_HISP_MALE,Percentage of Hispanic or Latino population reporting male,num,8,6.2
ACS_PCT_HISPANIC,Percentage of population reporting Hispanic ethnicity,num,8,6.2
ACS_PCT_MULT_RACE,Percentage of population reporting multiple races,num,8,6.2
ACS_PCT_MULT_RACE_FEMALE,Percentage of population reporting two or more races and female,num,8,6.2
ACS_PCT_MULT_RACE_MALE,Percentage of population reporting two or more races and male,num,8,6.2
ACS_PCT_MULT_RACE_NONHISP,Percentage of non-Hispanic population reporting multiple races,num,8,6.2
ACS_PCT_NHPI,Percentage of population reporting Native Hawaiian and Pacific Islander race alone,num,8,6.2
ACS_PCT_NHPI_FEMALE,Percentage of Native Hawaiian and other Pacific Islander alone population reporting female,num,8,6.2
ACS_PCT_NHPI_MALE,Percentage of Native Hawaiian and other Pacific Islander alone population reporting male,num,8,6.2
ACS_PCT_NHPI_NONHISP,Percentage of non-Hispanic population reporting Native Hawaiian and Pacific Islander race alone,num,8,6.2
ACS_PCT_OTHER_FEMALE,Percentage of population reporting some other race alone and female,num,8,6.2
ACS_PCT_OTHER_MALE,Percentage of population reporting some other race alone and male,num,8,6.2
ACS_PCT_OTHER_NONHISP,Percentage of non-Hispanic population reporting some other race alone,num,8,6.2
ACS_PCT_OTHER_RACE,Percentage of population reporting some other race alone,num,8,6.2
ACS_PCT_WHITE,Percentage of population reporting White race alone,num,8,6.2
ACS_PCT_WHITE_FEMALE,Percentage of White non-Hispanic alone population reporting female,num,8,6.2
ACS_PCT_WHITE_MALE,Percentage of White non-Hispanic alone population reporting male,num,8,6.2
ACS_PCT_WHITE_NONHISP,Percentage of non-Hispanic population reporting White race alone,num,8,6.2
ACS_PCT_HOUSEHOLDER_WHITE,Percentage of householders who are White alone,num,8,6.2
ACS_PCT_HOUSEHOLDER_BLACK,Percentage of householders who are Black or African American alone,num,8,6.2
ACS_PCT_HOUSEHOLDER_AIAN,Percentage of householders who are American Indian and Alaska Native alone,num,8,6.2
ACS_PCT_HOUSEHOLDER_ASIAN,Percentage of householders who are Asian alone,num,8,6.2
ACS_PCT_HOUSEHOLDER_NHPI,Percentage of householders who are Native Hawaiian and other Pacific Islander alone,num,8,6.2
ACS_PCT_HOUSEHOLDER_OTHER,Percentage of householders who are some other race alone,num,8,6.2
ACS_PCT_HOUSEHOLDER_MULT,Percentage of householders who are two or more races,num,8,6.2
ACS_PCT_AIAN_COMB,Percentage of population reporting American Indian and Alaska Native alone or in combination with one or more races,num,8,6.2
ACS_PCT_ASIAN_COMB,Percentage of population reporting Asian alone or in combination with one or more races,num,8,6.2
ACS_PCT_BLACK_COMB,Percentage of population reporting Black or African American alone or in combination with one or more races,num,8,6.2
ACS_PCT_NHPI_COMB,Percentage of population reporting Native Hawaiian and other Pacific Islander alone or in combination with one or more races,num,8,6.2
ACS_PCT_WHITE_COMB,Percentage of population reporting White alone or in combination with one or more races,num,8,6.2
ACS_PCT_CHILD_1FAM,Percentage of families with children that are single-parent families,num,8,6.2
ACS_PCT_CHILDREN_GRANDPARENT,Percentage of children living with a grandparent householder (ages 17 and below),num,8,6.2
ACS_PCT_GRANDP_RESPS_NO_P,Percentage of children living with grandparent householder whose grandparent is responsible for them: parent not present,num,8,6.2
ACS_PCT_GRANDP_RESPS_P,Percentage of children living with grandparent householder whose grandparent is responsible for them: parent present,num,8,6.2
ACS_PCT_GRANDP_NO_RESPS,Percentage of children living with grandparent householder whose grandparent is not responsible for them,num,8,6.2
ACS_PCT_HH_KID_1PRNT,"Percentage of family households with female or male householder, no spouse present",num,8,6.2
ACS_PCT_HH_NO_COMP_DEV,Percentage of households without a computing device,num,8,6.2
ACS_PCT_HH_SMARTPHONE,Percentage of households with a smartphone,num,8,6.2
ACS_PCT_HH_SMARTPHONE_ONLY,Percentage of households with a smartphone with no other type of computing device,num,8,6.2
ACS_PCT_HH_TABLET,Percentage of households with a tablet or other portable wireless computer,num,8,6.2
ACS_PCT_HH_TABLET_ONLY,Percentage of households with a tablet or other portable wireless computer with no other type of computing device,num,8,6.2
ACS_PCT_HH_PC,Percentage of households with a desktop or laptop,num,8,6.2
ACS_PCT_HH_PC_ONLY,Percentage of households with a desktop or laptop with no other type of computing device,num,8,6.2
ACS_PCT_HH_OTHER_COMP,Percentage of households with other type of computer,num,8,6.2
ACS_PCT_HH_OTHER_COMP_ONLY,Percentage of households with other type of computer only,num,8,6.2
ACS_PCT_HH_INTERNET,Percentage of households with any internet subscription,num,8,6.2
ACS_PCT_HH_INTERNET_NO_SUBS,Percentage of households with internet access without a subscription,num,8,6.2
ACS_PCT_HH_BROADBAND,"Percentage of households with broadband such as cable, fiber optic or DSL",num,8,6.2
ACS_PCT_HH_BROADBAND_ONLY,"Percentage of households with broadband such as cable, fiber optic or DSL with no other type of Internet subscription",num,8,6.2
ACS_PCT_HH_BROADBAND_ANY,Percentage of households with broadband of any type,num,8,6.2
ACS_PCT_HH_CELLULAR,Percentage of households with a cellular data plan,num,8,6.2
ACS_PCT_HH_CELLULAR_ONLY,Percentage of households with a cellular data plan with no other type of internet subscription,num,8,6.2
ACS_PCT_HH_NO_INTERNET,Percentage of households with no internet access,num,8,6.2
ACS_PCT_HH_SAT_INTERNET,Percentage of households with satellite internet service,num,8,6.2
ACS_PCT_HH_DIAL_INTERNET_ONLY,Percentage of households with dial up and no other type of internet subscription,num,8,6.2
ACS_PCT_DIVORCED_F,Percentage of female population divorced or separated (ages 15 and over),num,8,6.2
ACS_PCT_DIVORCED_M,Percentage of male population divorced or separated (ages 15 and over),num,8,6.2
ACS_PCT_MARRIED_SP_AB_F,Percentage of female population now married and spouse absent (ages 15 and over),num,8,6.2
ACS_PCT_MARRIED_SP_AB_M,Percentage of male population now married and spouse absent (ages 15 and over),num,8,6.2
ACS_PCT_MARRIED_SP_PR_F,Percentage of female population now married and spouse present (ages 15 and over),num,8,6.2
ACS_PCT_MARRIED_SP_PR_M,Percentage of male population now married and spouse present (ages 15 and over),num,8,6.2
ACS_PCT_NVR_MARRIED_F,Percentage of female population never married (ages 15 and over),num,8,6.2
ACS_PCT_NVR_MARRIED_M,Percentage of male population never married (ages 15 and over),num,8,6.2
ACS_PCT_WIDOWED_F,Percentage of female population now widowed (ages 15 and over),num,8,6.2
ACS_PCT_WIDOWED_M,Percentage of male population now widowed (ages 15 and over),num,8,6.2
ACS_PCT_POP_SAME_SEX_UNMRD_P,Percentage of population with same-sex unmarried partner,num,8,6.2
ACS_PCT_POP_SAME_SEX_SPOUSE,Percentage of population with same-sex spouse,num,8,6.2
ACS_PCT_ADMIN,Percentage of civilian employed population working in public administration (ages 16 and over),num,8,6.2
ACS_PCT_ART,"Percentage of employed working in arts, entertainment, recreation, and accommodation and food services (ages 16 and over)",num,8,6.2
ACS_PCT_CONSTRUCT,Percentage of employed working in construction (ages 16 and over),num,8,6.2
ACS_PCT_EDUC,"Percentage of employed working in educational services, and healthcare and social assistance (ages 16 and over)",num,8,6.2
ACS_PCT_FINANCE,"Percentage of employed working in finance and insurance, real estate, and rental and leasing (ages 16 and over)",num,8,6.2
ACS_PCT_GOVT,Percentage of civilian employed population who are government workers (ages 16 and over),num,8,6.2
ACS_PCT_INFORM,Percentage of employed working in information services (ages 16 and over),num,8,6.2
ACS_PCT_MANUFACT,Percentage of employed working in manufacturing (ages 16 and over),num,8,6.2
ACS_PCT_NATURE,"Percentage of employed working in agriculture, forestry, fishing and hunting, and mining (ages 16 and over)",num,8,6.2
ACS_PCT_OTHER,"Percentage of employed working in other services, except public administration (ages 16 and over)",num,8,6.2
ACS_PCT_PROFESS,"Percentage of employed working in professional, scientific, management, administrative, and waste management services (ages 16 and over)",num,8,6.2
ACS_PCT_PVT_NONPROFIT,Percentage of population who are private not-for-profit wage and salary workers (ages 16 and over),num,8,6.2
ACS_PCT_PVT_PROFIT,Percentage of population who are private for-profit wage and salary workers (ages 16 and over),num,8,6.2
ACS_PCT_RETAIL,Percentage of employed working in retail trade (ages 16 and over),num,8,6.2
ACS_PCT_TRANSPORT,"Percentage of employed working in transportation and warehousing, and in utilities (ages 16 and over)",num,8,6.2
ACS_PCT_WHOLESALE,Percentage of employed working in wholesale trade (ages 16 and over),num,8,6.2
ACS_PCT_WORK_RES_F,Percentage of female population who worked in place of residence (ages 16 and over),num,8,6.2
ACS_PCT_WORK_RES_M,Percentage of male population who worked in place of residence (ages 16 and over),num,8,6.2
ACS_PCT_EMPLOYED,Percentage of civilian labor force that is employed (ages 16 and over),num,8,6.2
ACS_PCT_UNEMPLOY,Percentage of civilian labor force that is unemployed (ages 16 and over),num,8,6.2
ACS_PCT_NOT_LABOR,Percentage of population not in labor force (ages 16 and over),num,8,6.2
ACS_PCT_VET_UNEMPL_18_64,Percentage of civilian veterans that are unemployed (between ages 18 and 64),num,8,6.2
ACS_PCT_VET_LABOR_FORCE_18_64,Percentage of civilian veterans in labor force (between ages 18 and 64),num,8,6.2
ACS_PCT_ARMED_FORCES,Percentage of population in armed forces (ages 16 and over),num,8,6.2
ACS_GINI_INDEX,Gini index of income inequality,num,8,6.2
ACS_MDN_GRNDPRNT_NO_PRNT_INC,"Median income of grandparent householder and/or spouse responsible for grandchildren under 18 and no parent present (dollars, inflation-adjusted to data file year)",num,8,16.2
ACS_MDN_GRNDPRNT_INC,"Median income of grandparent householder and/or spouse responsible for grandchildren under 18 (dollars, inflation-adjusted to data file year)",num,8,16.2
ACS_MEDIAN_HH_INC_AIAN,"Median household income for households with an American Indian and Alaska Native alone householder (dollars, inflation-adjusted to data file year)",num,8,16.2
ACS_MEDIAN_HH_INC_ASIAN,"Median household income for households with an Asian alone householder (dollars, inflation-adjusted to data file year)",num,8,16.2
ACS_MEDIAN_HH_INC_BLACK,"Median household income for households with a Black or African American alone householder (dollars, inflation-adjusted to data file year)",num,8,16.2
ACS_MEDIAN_HH_INC_HISP,"Median household income for households with a Hispanic or Latino householder (dollars, inflation-adjusted to data file year)",num,8,16.2
ACS_MEDIAN_HH_INC_MULTI,"Median household income for households with a two or more races householder (dollars, inflation-adjusted to data file year)",num,8,16.2
ACS_MEDIAN_HH_INC_NHPI,"Median household income for households with a Native Hawaiian and other Pacific Islander alone householder (dollars, inflation-adjusted to data file year)",num,8,16.2
ACS_MEDIAN_HH_INC_OTHER,"Median household income for households with a some other race alone householder (dollars, inflation-adjusted to data file year)",num,8,16.2
ACS_MEDIAN_HH_INC_WHITE,"Median household income for households with a White alone, not Hispanic or Latino householder (dollars, inflation-adjusted to data file year)",num,8,16.2
ACS_MEDIAN_HH_INC,"Median household income (dollars, inflation-adjusted to data file year)",num,8,16.2
ACS_MEDIAN_INC_F,"Median income of female population (dollars, ages 15 and over with income in the past 12 months, inflation-adjusted to data file year)",num,8,16.2
ACS_MEDIAN_INC_M,"Median income of male population (dollars, ages 15 and over with income in the past 12 months, inflation-adjusted to data file year)",num,8,16.2
ACS_MEDIAN_NONVET_INC,"Median income of civilian nonveteran population (dollars, ages 18 and over, inflation-adjusted to data file year)",num,8,16.2
ACS_MEDIAN_VET_INC,"Median income of civilian veterans (dollars, ages 18 and over, inflation-adjusted to data file year)",num,8,16.2
ACS_PCT_INC50_ABOVE65,Percentage of population with income to poverty ratio under 0.50 (ages 65 and over),num,8,6.2
ACS_PCT_INC50_BELOW17,Percentage of children with income to poverty ratio under 0.50 (ages 17 and below),num,8,6.2
ACS_PCT_HEALTH_INC_BELOW137,Percentage of population under 1.37 of the poverty threshold (relevant for health insurance coverage),num,8,6.2
ACS_PCT_HEALTH_INC_138_199,Percentage of population between 1.38 and 1.99 of the poverty threshold (relevant for health insurance coverage),num,8,6.2
ACS_PCT_HEALTH_INC_200_399,Percentage of population between 2.00 and 3.99 of the poverty threshold (relevant for health insurance coverage),num,8,6.2
ACS_PCT_HEALTH_INC_ABOVE400,Percentage of population over 4.00 of the poverty threshold (relevant for health insurance coverage),num,8,6.2
ACS_PCT_HH_INC_10000,"Percentage of population with household income less than $10,000",num,8,6.2
ACS_PCT_HH_INC_100000,"Percentage of population with household income greater than $100,000",num,8,6.2
ACS_PCT_HH_INC_14999,"Percentage of population with household income between $10,000 and $14,999",num,8,6.2
ACS_PCT_HH_INC_24999,"Percentage of population with household income between $15,000 and $24,999",num,8,6.2
ACS_PCT_HH_INC_49999,"Percentage of population with household income between $25,000 and $49,999",num,8,6.2
ACS_PCT_HH_INC_99999,"Percentage of population with household income between $50,000 and $99,999",num,8,6.2
ACS_PCT_INC50,Percentage of population with income to poverty ratio under 0.50,num,8,6.2
ACS_PCT_NONVET_POV_18_64,Percentage of civilian nonveterans with income below the poverty level in the past 12 months (between ages 18 and 64),num,8,6.2
ACS_PCT_VET_POV_18_64,Percentage of civilian veterans with income below the poverty level in past 12 months (between ages 18 and 64),num,8,6.2
ACS_PCT_PERSON_INC_100_124,Percentage of population with an income to poverty ratio between 1.00 and 1.24,num,8,6.2
ACS_PCT_PERSON_INC_125_199,Percentage of population with an income to poverty ratio between 1.25 and 1.99,num,8,6.2
ACS_PCT_PERSON_INC_ABOVE200,Percentage of population with an income to poverty ratio of 2.00 or higher,num,8,6.2
ACS_PCT_PERSON_INC_BELOW99,Percentage of population with an income to poverty ratio under 1.00,num,8,6.2
ACS_PER_CAPITA_INC,"Per capita income (dollars, inflation-adjusted to data file year)",num,8,16.2
ACS_PCT_POV_AIAN,Percentage of American Indian or Alaska Native population below poverty level,num,8,6.2
ACS_PCT_POV_ASIAN,Percentage of Asian population below poverty level,num,8,6.2
ACS_PCT_POV_BLACK,Percentage of Black or African American population below poverty level,num,8,6.2
ACS_PCT_POV_HISPANIC,Percentage of Hispanic or Latino population below poverty level,num,8,6.2
ACS_PCT_POV_MULTI,Percentage of two or more races population below poverty level,num,8,6.2
ACS_PCT_POV_NHPI,Percentage of Native Hawaiian or Pacific Islander population below poverty level,num,8,6.2
ACS_PCT_POV_OTHER,Percentage of some other race population below poverty level,num,8,6.2
ACS_PCT_POV_WHITE,"Percentage of White, not Hispanic population below poverty level",num,8,6.2
ACS_PCT_HH_1FAM_FOOD_STMP,Percentage of unmarried partner households that received food stamps/SNAP benefits,num,8,6.2
ACS_PCT_HH_FOOD_STMP,"Percentage of households that received food stamps/SNAP, past 12 months",num,8,6.2
ACS_PCT_HH_PUB_ASSIST,Percentage of households with public assistance income or food stamps/SNAP,num,8,6.2
ACS_PCT_HH_FOOD_STMP_BLW_POV,Percentage of households receiving food stamps/SNAP with income below the poverty level,num,8,6.2
ACS_PCT_HH_NO_FD_STMP_BLW_POV,Percentage of households not receiving food stamps/SNAP with income below the poverty level,num,8,6.2
ACS_PCT_COLLEGE_ASSOCIATE_DGR,Percentage of population with some college or associate's degree (ages 25 and over),num,8,6.2
ACS_PCT_BACHELOR_DGR,Percentage of population with a bachelor's degree (ages 25 and over),num,8,6.2
ACS_PCT_NO_WORK_NO_SCHL_16_19,Percentage of teens and adults who are unemployed and not in school (between ages 16 and 19),num,8,6.2
ACS_PCT_GRADUATE_DGR,Percentage of population with a master's or professional school degree or doctorate (ages 25 and over),num,8,6.2
ACS_PCT_HS_GRADUATE,Percentage of population with only high school diploma (ages 25 and over),num,8,6.2
ACS_PCT_LT_HS,Percentage of population with less than high school education (ages 25 and over),num,8,6.2
ACS_PCT_POSTHS_ED,Percentage of population with any postsecondary education (ages 25 and over),num,8,6.2
ACS_PCT_VET_BACHELOR,Percentage of civilian veterans that have a bachelor's degree or higher (ages 25 and over),num,8,6.2
ACS_PCT_VET_COLLEGE,Percentage of civilian veterans that have some college education or an associate's degree (ages 25 and over),num,8,6.2
ACS_PCT_VET_HS,Percentage of civilian veterans who are high school graduates or less than high school graduates (age 25 years and over),num,8,6.2
ACS_MEDIAN_HOME_VALUE,Median home value of owner-occupied housing units (dollars),num,8,16.2
ACS_MEDIAN_RENT,Median gross rent (dollars),num,8,16.2
ACS_PCT_1UP_RENT_1ROOM,Percentage of renter-occupied housing units with more than one occupant per room,num,8,6.2
ACS_PCT_1UP_OWNER_1ROOM,Percentage of owner-occupied housing units with more than one occupant per room,num,8,6.2
ACS_PCT_1UP_PERS_1ROOM,Percentage of housing units with more than one occupant per room,num,8,6.2
ACS_PCT_HH_1PERS,Percentage of households with only one occupant,num,8,6.2
ACS_PCT_10UNITS,Percentage of housing in structures with 10 or more units,num,8,6.2
ACS_PCT_GRP_QRT,Percentage of persons in institutionalized group quarters,num,8,6.2
ACS_PCT_HU_MOBILE_HOME,Percentage of housing units that are mobile homes,num,8,6.2
ACS_PCT_OWNER_HU,Percentage of occupied housing units: owner-occupied,num,8,6.2
ACS_PCT_OWNER_HU_CHILD,Percentage of owner-occupied housing units with children,num,8,6.2
ACS_PCT_RENTER_HU,Percentage of occupied housing units: rented,num,8,6.2
ACS_PCT_RENTER_HU_ABOVE65,Percentage of renter-occupied housing units occupied by householders aged 65 and above,num,8,6.2
ACS_PCT_RENTER_HU_CHILD,Percentage of renter-occupied housing units with children,num,8,6.2
ACS_PCT_RENTER_HU_COST_30PCT,Percentage of renter-occupied housing units with rent equal to 30 percent or more of household income,num,8,6.2
ACS_PCT_RENTER_HU_COST_50PCT,Percentage of renter-occupied housing units with rent equal to 50 percent or more of household income,num,8,6.2
ACS_PCT_VACANT_HU,Percentage of housing units vacant,num,8,6.2
ACS_PCT_HU_NO_FUEL,Percentage of occupied housing units without fuel,num,8,6.2
ACS_PCT_HU_UTILITY_GAS,Percentage of occupied housing units with utility gas heating,num,8,6.2
ACS_PCT_HU_BOT_TANK_LP_GAS,"Percentage of occupied housing units with bottled, tank, or LP gas",num,8,6.2
ACS_PCT_HU_OIL,Percentage of occupied housing units with fuel oil heating,num,8,6.2
ACS_PCT_HU_WOOD,Percentage of occupied housing units with wood heating,num,8,6.2
ACS_PCT_HU_COAL,Percentage of occupied housing units with coal or coke heating,num,8,6.2
ACS_PCT_HU_OTHER,Percentage of occupied housing units with other heating fuel,num,8,6.2
ACS_PCT_HU_ELEC,Percentage of occupied housing units with electricity heating,num,8,6.2
ACS_PCT_HU_SOLAR,Percentage of occupied housing units with solar energy,num,8,6.2
ACS_MDN_OWNER_COST_MORTGAGE,Median selected monthly owner costs for houses with a mortgage (dollars),num,8,16.2
ACS_MDN_OWNER_COST_NO_MORTG,Median selected monthly owner costs for houses without a mortgage (dollars),num,8,16.2
ACS_PCT_OWNER_HU_COST_30PCT,Percentage of owner-occupied housing units with selected monthly owner costs equal to 30 percent or more of household income,num,8,6.2
ACS_PCT_OWNER_HU_COST_50PCT,Percentage of owner-occupied housing units with selected monthly owner costs equal to 50 percent or more of household income,num,8,6.2
ACS_MEDIAN_YEAR_BUILT,Median year structure built of housing units,num,8,4.
ACS_PCT_HU_BUILT_1979,Percentage of housing units built before 1979,num,8,6.2
ACS_PCT_HU_KITCHEN,Percentage of housing units lacking complete kitchen facilities,num,8,6.2
ACS_PCT_HU_PLUMBING,Percentage of housing units lacking complete plumbing facilities,num,8,6.2
ACS_PCT_IN_STATE_MOVE,Percentage of population that moved from different county within same state in the past year (age 1 and over),num,8,6.2
ACS_PCT_IN_COUNTY_MOVE,Percentage of population that moved within the same county in the past year (age 1 and over),num,8,6.2
ACS_PCT_DIF_STATE,Percentage of population that moved from different state in the past year (age 1 and over),num,8,6.2
ACS_PCT_HH_ABOVE65,Percentage of households with one or more people 65 years and over,num,8,6.2
ACS_PCT_HH_ALONE_ABOVE65,Percentage of households with a person 65 years and over living alone,num,8,6.2
ACS_PCT_COMMT_15MIN,Percentage of workers with < 15-minute commute time (ages 16 and over),num,8,6.2
ACS_PCT_COMMT_29MIN,Percentage of workers with 15- to 29-minute commute time (ages 16 and over),num,8,6.2
ACS_PCT_COMMT_59MIN,Percentage of workers with 30- to 59-minute commute time (ages 16 and over),num,8,6.2
ACS_PCT_COMMT_60MINUP,Percentage of workers with at least 60-minute commute time (ages 16 and over),num,8,6.2
ACS_PCT_HU_NO_VEH,Percentage of housing units with no vehicle available,num,8,6.2
ACS_PCT_WORK_NO_CAR,Percentage of workers in households with no vehicle available (ages 16 and over),num,8,6.2
ACS_PCT_DRIVE_2WORK,"Percentage of workers taking a car, truck, or van to work (ages 16 and over)",num,8,6.2
ACS_PCT_PUBL_TRANSIT,"Percentage of workers taking public transportation, excluding taxicab (ages 16 and over)",num,8,6.2
ACS_PCT_PUB_COMMT_15MIN,Percentage of workers who use public transportation with < 15-minute commute time (ages 16 and over),num,8,6.2
ACS_PCT_PUB_COMMT_29MIN,Percentage of workers who use public transportation with 15- to 29-minute commute time (ages 16 and over),num,8,6.2
ACS_PCT_PUB_COMMT_59MIN,Percentage of workers who use public transportation with 30- to 59-minute commute time (ages 16 and over),num,8,6.2
ACS_PCT_PUB_COMMT_60MINUP,Percentage of workers who use public transportation with at least 60-minute commute time (ages 16 and over),num,8,6.2
ACS_PCT_TAXICAB_2WORK,"Percentage of workers taking taxicab, motorcycle, bicycle, or other means to work (ages 16 and over)",num,8,6.2
ACS_PCT_WALK_2WORK,Percentage of workers walking to work (ages 16 and over),num,8,6.2
ACS_PCT_MEDICAID_ANY,Percentage of population with any Medicaid/means-tested public health insurance coverage,num,8,6.2
ACS_PCT_MEDICAID_ANY_BELOW64,Percentage of population with any Medicaid/means-tested public health insurance coverage (ages 64 and below),num,8,6.2
ACS_PCT_MEDICARE_ONLY,Percentage of population with Medicare only,num,8,6.2
ACS_PCT_OTHER_INS,Percentage of population with other health insurance coverage combinations,num,8,6.2
ACS_PCT_PVT_EMPL_DRCT,Percentage of population with employer-based and direct-purchase coverage,num,8,6.2
ACS_PCT_PVT_EMPL_DRCT_BELOW64,Percentage of population with employer-based and direct-purchase coverage (ages 64 and below),num,8,6.2
ACS_PCT_PRIVATE_ANY,Percentage of population with any private health insurance coverage,num,8,6.2
ACS_PCT_PRIVATE_ANY_BELOW64,Percentage of population with any private health insurance coverage (ages 64 and below),num,8,6.2
ACS_PCT_PRIVATE_EMPL,Percentage of population with employer-based health insurance,num,8,6.2
ACS_PCT_PRIVATE_EMPL_BELOW64,Percentage of population with employer-based health insurance only (ages 64 and below),num,8,6.2
ACS_PCT_PRIVATE_MDCR,Percentage of population with employer-based and Medicare insurance coverage,num,8,6.2
ACS_PCT_PRIVATE_MDCR_35_64,Percentage of population with direct-purchase and Medicare health insurance (between ages 35 and 64),num,8,6.2
ACS_PCT_PRIVATE_OTHER,Percentage of population with other private-only health insurance combinations,num,8,6.2
ACS_PCT_PRIVATE_OTHER_BELOW64,Percentage of population with other private-only health insurance combinations (ages 64 and below),num,8,6.2
ACS_PCT_PRIVATE_SELF,Percentage of population with direct-purchase health insurance only,num,8,6.2
ACS_PCT_PRIVATE_SELF_BELOW64,Percentage of population with direct-purchase health insurance only (ages 64 and below),num,8,6.2
ACS_PCT_PUBLIC_ONLY,"Percentage of population with Medicare, Medicaid, TRICARE/military, U.S. Department of Veterans Affairs (VA) coverage and other public-only health insurance combinations",num,8,6.2
ACS_PCT_PUBLIC_OTHER,Percentage of population with other public-only health insurance combinations,num,8,6.2
ACS_PCT_PUBLIC_OTHER_BELOW64,Percentage of population with other public-only health insurance combinations (ages 64 and below),num,8,6.2
ACS_PCT_SELF_MDCR_ABOVE35,Percentage of population with direct-purchase and Medicare health insurance (ages 35 and over),num,8,6.2
ACS_PCT_TRICARE_VA,Percentage of population with TRICARE/military or VA health insurance coverage only,num,8,6.2
ACS_PCT_TRICARE_VA_BELOW64,Percentage of population with TRICARE/military or VA coverage only (ages 64 and below),num,8,6.2
ACS_PCT_UNINSURED,Percentage of population with no health insurance coverage,num,8,6.2
ACS_PCT_UNINSURED_BELOW64,Percentage of population with no health insurance (ages 64 and below),num,8,6.2
AHRF_USDA_RUCC_2013,USDA Rural-Urban Continuum Code 2013,char,1,$1.
AHRF_VET,Estimate of veteran population,num,8,12.
AHRF_VET_MALE,Estimate of male veteran population,num,8,12.
AHRF_VET_FEMALE,Estimate of female veteran population,num,8,12.
AHRF_UNEMPLOYED_RATE,Unemployment rate per 100 population (ages 16 and over),num,8,6.2
AHRF_DAYS_AIR_QLT,Total number of days air quality is measured,num,8,12.
AHRF_PCT_GOOD_AQ,Percentage of days with good air quality,num,8,6.2
AHRF_TXC_SITE_NO_DATA,Total number of designated toxic sites with insufficient data,num,8,12.
AHRF_TXC_SITE_CNTRL,Total number of designated toxic sites under control,num,8,12.
AHRF_TXC_SITE_NO_CNTRL,Total number of designated toxic sites not under control,num,8,12.
AHRF_HPSA_DENTIST,Health Professional Shortage Area (HPSA) code-shortage of dentists,char,1,$1.
AHRF_HPSA_MENTAL,Health Professional Shortage Area (HPSA) code-shortage of mental healthcare providers,char,1,$1.
AHRF_HPSA_PRIM,Health Professional Shortage Area (HPSA) code-shortage of primary care physicians,char,1,$1.
AHRF_MARKET_ENROL,Total number of Health Insurance Marketplace enrollees,num,8,12.
AHRF_MARKET_ENROL_NEW,"Total number of Marketplace enrollees, new consumers",num,8,12.
AHRF_MARKET_ENROL_ACTIVE,"Total number of Marketplace enrollees, active reenrollees",num,8,12.
AHRF_MARKET_ENROL_AUTO,"Total number of Marketplace enrollees, automatic reenrollees",num,8,12.
AHRF_MARKET_ENROL_150,"Total number of Marketplace enrollees, household income 100% to 150% of FPL",num,8,12.
AHRF_MARKET_ENROL_200,"Total number of Marketplace enrollees, household income >150% to 200% of FPL",num,8,12.
AHRF_MARKET_ENROL_250,"Total number of Marketplace enrollees, household income >200% to 250% of FPL",num,8,12.
AHRF_MARKET_ENROL_300,"Total number of Marketplace enrollees, household income >250% to 300% of FPL",num,8,12.
AHRF_MARKET_ENROL_400,"Total number of Marketplace enrollees, household income >300% to 400% of FPL",num,8,12.
AHRF_MARKET_ENROL_OTHER,"Total number of Marketplace enrollees, other federal poverty level",num,8,12.
AHRF_MARKET_ENROL_NO_ASST,"Total number of Marketplace enrollees, no financial assistance requested",num,8,12.
AHRF_PRESC_ENROLLMENT,Total number of Medicare prescription drug plan enrollees,num,8,12.
AHRF_PCT_PRESC_PEN,Percentage of Medicare eligible beneficiaries enrolled in a prescription drug plan per 100 population,num,8,6.2
AHRF_TOT_ADV_NURSES,Total number of advanced practice registered nurses with NPI,num,8,12.
AHRF_ADV_NURSES_RATE,"Total number of advanced practice registered nurses with NPI per 1,000 population",num,8,12.2
AHRF_TOT_CLIN_NURSE_SPEC,Total number of clinical nurse specialists with NPI,num,8,12.
AHRF_CLIN_NURSE_SPEC_RATE,"Total number of clinical nurse specialists with NPI per 1,000 population",num,8,12.2
AHRF_TOT_DENTISTS,Total number of dentists with NPI,num,8,12.
AHRF_DENTISTS_RATE,"Total number of dentists with NPI per 1,000 population",num,8,12.2
AHRF_TOT_NURSE_ANESTH,Total number of certified registered nurse anesthetists with NPI,num,8,12.
AHRF_NURSE_ANESTH_RATE,"Total number of certified registered nurse anesthetists with NPI per 1,000 population",num,8,12.2
AHRF_TOT_NURSE_MIDWIVES,Total number of advanced practice nurse midwives with NPI,num,8,12.
AHRF_NURSE_MIDWIVES_RATE,"Total number of advanced practice nurse midwives with NPI per 1,000 population",num,8,12.2
AHRF_TOT_NURSE_PRACT,Total number of nurse practitioners with NPI,num,8,12.
AHRF_NURSE_PRACT_RATE,"Total number of nurse practitioners with NPI per 1,000 population",num,8,12.2
AHRF_TOT_PHYSICIAN_ASSIST,Total number of physician assistants with NPI,num,8,12.
AHRF_PHYSICIAN_ASSIST_RATE,"Total number of physician assistants with NPI per 1,000 population",num,8,12.2
AMFAR_SSP,Total number of syringe exchange programs,num,8,12.
AMFAR_SSP_RATE,"Total number of syringe exchange programs per 1,000 population",num,8,12.4
AMFAR_TOT_MEDSAFAC,Total number of substance abuse services facilities accepting Medicaid,num,8,12.
AMFAR_MEDSAFAC_RATE,"Total number of substance abuse services facilities accepting Medicaid per 1,000 population",num,8,12.4
AMFAR_TOT_AMATFAC,Total number of substance abuse treatment facilities with all three medication assisted treatment services,num,8,12.
AMFAR_AMATFAC_RATE,"Total number of substance abuse treatment facilities with all three medication assisted treatment services per 1,000 population",num,8,12.4
AMFAR_TOT_HCVTFAC,Total number of substance abuse facilities offering hepatitis C screening,num,8,12.
AMFAR_HCVTFAC_RATE,"Total number of substance abuse facilities offering hepatitis C screening per 1,000 population",num,8,12.4
AMFAR_TOT_HIVHCVTFAC,Total number of substance abuse facilities offering both HIV test and hepatitis C screening,num,8,12.
AMFAR_HIVHCVTFAC_RATE,"Total number of substance abuse facilities offering both HIV test and hepatitis C screening per 1,000 population",num,8,12.4
AMFAR_TOT_HIVTFAC,Total number of substance abuse facilities offering HIV testing,num,8,12.
AMFAR_HIVTFAC_RATE,"Total number of substance abuse facilities offering HIV testing per 1,000 population",num,8,12.4
AMFAR_TOT_MEDAMATFAC,Total number of substance abuse treatment facilities offering all three medication assisted treatment services that accept Medicaid,num,8,12.
AMFAR_MEDAMATFAC_RATE,"Total number of substance abuse treatment facilities offering all three medication assisted treatment services that accept Medicaid per 1,000 population",num,8,12.4
AMFAR_TOT_MEDHCVTFAC,Total number of substance abuse facilities offering hepatitis C screening and accept Medicaid,num,8,12.
AMFAR_MEDHCVTFAC_RATE,"Total number of substance abuse facilities offering hepatitis C screening and accept Medicaid per 1,000 population",num,8,12.4
AMFAR_TOT_MEDHIVHCVTFAC,Total number of substance abuse facilities offering both HIV test and hepatitis C screening and accept Medicaid,num,8,12.
AMFAR_MEDHIVHCVTFAC_RATE,"Total number of substance abuse facilities offering both HIV test and hepatitis C screening and accept Medicaid per 1,000 population",num,8,12.4
AMFAR_TOT_MEDHIVTFAC,Total number of substance abuse facilities offering HIV testing and accept Medicaid,num,8,12.
AMFAR_MEDHIVTFAC_RATE,"Total number of substance abuse facilities offering HIV testing and accept Medicaid per 1,000 population",num,8,12.4
AMFAR_TOT_MEDMHFAC,Total number of facilities that provide mental health services and accept Medicaid,num,8,12.
AMFAR_MEDMHFAC_RATE,"Total number of facilities that provide mental health services and accept Medicaid per 1,000 population",num,8,12.4
AMFAR_TOT_MHFAC,Total number of facilities that provide mental health services,num,8,12.
AMFAR_MHFAC_RATE,"Total number of facilities that provide mental health services per 1,000 population",num,8,12.4
CAF_ADJ_COUNTY_1,Adjacent county 1 FIPS Code (state and county),char,5,$5.
CAF_ADJ_COUNTY_2,Adjacent county 2 FIPS Code (state and county),char,5,$5.
CAF_ADJ_COUNTY_3,Adjacent county 3 FIPS Code (state and county),char,5,$5.
CAF_ADJ_COUNTY_4,Adjacent county 4 FIPS Code (state and county),char,5,$5.
CAF_ADJ_COUNTY_5,Adjacent county 5 FIPS Code (state and county),char,5,$5.
CAF_ADJ_COUNTY_6,Adjacent county 6 FIPS Code (state and county),char,5,$5.
CAF_ADJ_COUNTY_7,Adjacent county 7 FIPS Code (state and county),char,5,$5.
CAF_ADJ_COUNTY_8,Adjacent county 8 FIPS Code (state and county),char,5,$5.
CAF_ADJ_COUNTY_9,Adjacent county 9 FIPS Code (state and county),char,5,$5.
CAF_ADJ_COUNTY_10,Adjacent county 10 FIPS Code (state and county),char,5,$5.
CAF_ADJ_COUNTY_11,Adjacent county 11 FIPS Code (state and county),char,5,$5.
CAF_ADJ_COUNTY_12,Adjacent county 12 FIPS Code (state and county),char,5,$5.
CAF_ADJ_COUNTY_13,Adjacent county 13 FIPS Code (state and county),char,5,$5.
CAF_ADJ_COUNTY_14,Adjacent county 14 FIPS Code (state and county),char,5,$5.
CDCW_TOT_POPULATION,Total Population (CDC Wonder),num,8,12.
CDCW_INJURY_DTH_RATE,"Total number of deaths from injury per 100,000 population",num,8,12.2
CDCW_TRANSPORT_DTH_RATE,"Total number of deaths from transport accidents per 100,000 population",num,8,12.2
CDCW_SELFHARM_DTH_RATE,"Total number of deaths from intentional self harm per 100,000 population",num,8,12.2
CDCW_ASSAULT_DTH_RATE,"Total number of deaths from assault per 100,000 population",num,8,12.2
CDCW_MATERNAL_DTH_RATE,"Total number of maternal deaths per 100,000 population",num,8,12.2
CDCW_OPIOID_DTH_RATE,"Total number of drug overdose deaths involving any opioid per 100,000 population",num,8,12.2
CDCW_DRUG_DTH_RATE,"Total number of drug poisoning deaths per 100,000 population",num,8,12.2
CEN_AREALAND_SQM_COUNTY,Land area in square miles,num,8,12.2
CEN_POPDENSITY_COUNTY,Population density (County),num,8,12.2
CHR_TOT_MENTAL_PROV,Total number of mental health care providers,num,8,12.
CHR_MENTAL_PROV_RATE,"Total number of mental health care providers per 100,000 population",num,8,12.2
CHR_TOT_POPULATION,Total county population (Denominator for provider rate),num,8,12.
MP_MEDICARE_ELIGIBLES,Total number of Medicare eligibles in the county,num,8,12.
MP_MEDICARE_ADVTG_ENROLLED,Total number of Medicare Advantage enrollees in the county,num,8,12.
MP_PCT_ADVTG_PEN,Percentage of Medicare eligible beneficiaries enrolled in a Medicare Advantage plan per 100 population,num,8,6.2
NCHS_URCS_2006,NCHS 2006 Rural-Urban Classification Scheme,num,3,1.
NCHS_URCS_2013,NCHS 2013 Rural-Urban Classification Scheme,num,3,1.
NEPHTN_ARSENIC_MEAN_CSW,"Mean concentration of arsenic in community water systems (micrograms per liter), by year",num,8,12.2
NEPHTN_ARSENIC_MEAN_POP,"Mean concentration of arsenic at the population level (micrograms per liter), by year",num,8,12.2
NEPHTN_PCT_ARSENIC_MCL_NOTDETECT,Percentage of population in the county served by community water systems with yearly distribution of mean arsenic concentration not detected,num,8,6.2
NEPHTN_PCT_ARSENIC_MCL_LESS10,Percentage of population in the county served by community water systems with yearly distribution of mean arsenic concentration <10,num,8,6.2
NEPHTN_PCT_ARSENIC_MCL_GREATER10,Percentage of population in the county served by community water systems with yearly distribution of mean arsenic concentration >10,num,8,6.2
NEPHTN_HEATIND_90,"Total number of days with daily maximum heat index, absolute threshold: 90°F",num,8,12.
NEPHTN_HEATIND_95,"Total number of days with daily maximum heat index, absolute threshold: 95°F",num,8,12.
NEPHTN_HEATIND_100,"Total number of days with daily maximum heat index, absolute threshold: 100°F",num,8,12.
NEPHTN_HEATIND_105,"Total number of days with daily maximum heat index, absolute threshold: 105°F",num,8,12.
NEPHTN_MAXDROUGHT,Maximum number of consecutive weeks of cumulative moderate drought or worse per year,num,8,12.
NEPHTN_NUMDROUGHT,Total number of weeks of cumulative moderate drought or worse per year,num,8,12.
NEPHTN_TEMPERATURE_90,"Total number of days with daily maximum temperature, absolute threshold: 90°F",num,8,12.
NEPHTN_TEMPERATURE_95,"Total number of days with daily maximum temperature, absolute threshold: 95°F",num,8,12.
NEPHTN_TEMPERATURE_100,"Total number of days with daily maximum temperature, absolute threshold: 100°F",num,8,12.
NEPHTN_TEMPERATURE_105,"Total number of days with daily maximum temperature, absolute threshold: 105°F",num,8,12.
NHC_AVG_LIC_STAFF,Average hours per day of licensed staff (RN+LPN) per reporting facility,num,8,12.2
NHC_AVG_REP_NURSE_STAFF,Average reported hours per day of total nurse staff (RN+LPN+Aide) per reporting facility,num,8,12.2
NHC_AVG_ADJ_NURSE_STAFF,Average adjusted hours per day of total nurse staff (RN+LPN+Aide) per reporting facility,num,8,12.2
NHC_TOT_FACS,Total number of nursing home facilities,num,8,12.2
NHC_FACS_RATE,"Total number of nursing home facilities per 100,000 people",num,8,12.2
EPAA_2NDMAX_CO_1HR,2nd highest 1-hour measurement of Carbon Monoxide (CO) in the year (ppm),num,8,6.2
EPAA_2NDMAX_CO_8HR,2nd highest non-overlapping 8-hour average of Carbon Monoxide (CO) in the year (ppm),num,8,6.2
EPAA_98PR_NO2_1HR,98th percentile of the daily max 1-hour measurements of Nitrogen Dioxide (NO2) in the year (ppb),num,8,6.2
EPAA_MEAN_NO2_1HR,Annual mean of all the 1-hour measurements of Nitrogen Dioxide (NO2) in the year (ppb),num,8,6.2
EPAA_2NDMAX_O3_1HR,2nd highest daily max 1-hour measurement of Ozone (O3) in the year (ppm),num,8,6.2
EPAA_4THMAX_O3_8HR,4th highest daily max 8-hour average of Ozone (O3) in the year (ppm),num,8,6.2
EPAA_MAX_PB_3MON,Maximum of all rolling 3-month averages of Lead (Pb) in the year (ug/m3),num,8,6.2
EPAA_2NDMAX_PM10_24HR,2nd highest 24-hour average of PM10 in the year,num,8,6.2
EPAA_MEAN_WTD_PM10,Weighted annual mean (mean weighted by calendar quarter) for the year of PM10 (ug/m3),num,8,6.2
EPAA_MEAN_WTD_PM25,Weighted annual mean (mean weighted by calendar quarter) for the year of PM2.5 (ug/m3),num,8,6.2
EPAA_98PR_PM25_DAILY,98th percentile of the daily average measurements in the year of PM2.5 (ug/m3),num,8,6.2
EPAA_99PR_SO2_1HR,99th percentile of the daily max 1-hour measurements of Sulfur Dioxide (SO2) in the year,num,8,6.2
EPAA_2NDMAX_SO2_24HR,2nd highest 24-hour average of Sulfur Dioxide (SO2) in the year,num,8,6.2
EPAA_MEAN_SO2_1HR,Annual mean of all the 1-hour measurements of Sulfur Dioxide (SO2) in the year (ppb),num,8,6.2
NOAAC_AVG_TEMP_APR,Monthly (April) average temperature (Fahrenheit),num,8,12.2
NOAAC_AVG_TEMP_AUG,Monthly (August) average temperature (Fahrenheit),num,8,12.2
NOAAC_AVG_TEMP_DEC,Monthly (December) average temperature (Fahrenheit),num,8,12.2
NOAAC_AVG_TEMP_FEB,Monthly (February) average temperature (Fahrenheit),num,8,12.2
NOAAC_AVG_TEMP_JAN,Monthly (January) average temperature (Fahrenheit),num,8,12.2
NOAAC_AVG_TEMP_JUL,Monthly (July) average temperature (Fahrenheit),num,8,12.2
NOAAC_AVG_TEMP_JUN,Monthly (June) average temperature (Fahrenheit),num,8,12.2
NOAAC_AVG_TEMP_MAR,Monthly (March) average temperature (Fahrenheit),num,8,12.2
NOAAC_AVG_TEMP_MAY,Monthly (May) average temperature (Fahrenheit),num,8,12.2
NOAAC_AVG_TEMP_NOV,Monthly (November) average temperature (Fahrenheit),num,8,12.2
NOAAC_AVG_TEMP_OCT,Monthly (October) average temperature (Fahrenheit),num,8,12.2
NOAAC_AVG_TEMP_SEP,Monthly (September) average temperature (Fahrenheit),num,8,12.2
NOAAC_MAX_TEMP_APR,Monthly (April) maximum temperature (Fahrenheit),num,8,12.2
NOAAC_MAX_TEMP_AUG,Monthly (August) maximum temperature (Fahrenheit),num,8,12.2
NOAAC_MAX_TEMP_DEC,Monthly (December) maximum temperature (Fahrenheit),num,8,12.2
NOAAC_MAX_TEMP_FEB,Monthly (February) maximum temperature (Fahrenheit),num,8,12.2
NOAAC_MAX_TEMP_JAN,Monthly (January) maximum temperature (Fahrenheit),num,8,12.2
NOAAC_MAX_TEMP_JUL,Monthly (July) maximum temperature (Fahrenheit),num,8,12.2
NOAAC_MAX_TEMP_JUN,Monthly (June) maximum temperature (Fahrenheit),num,8,12.2
NOAAC_MAX_TEMP_MAR,Monthly (March) maximum temperature (Fahrenheit),num,8,12.2
NOAAC_MAX_TEMP_MAY,Monthly (May) maximum temperature (Fahrenheit),num,8,12.2
NOAAC_MAX_TEMP_NOV,Monthly (November) maximum temperature (Fahrenheit),num,8,12.2
NOAAC_MAX_TEMP_OCT,Monthly (October) maximum temperature (Fahrenheit),num,8,12.2
NOAAC_MAX_TEMP_SEP,Monthly (September) maximum temperature (Fahrenheit),num,8,12.2
NOAAC_MIN_TEMP_APR,Monthly (April) minimum temperature (Fahrenheit),num,8,12.2
NOAAC_MIN_TEMP_AUG,Monthly (August) minimum temperature (Fahrenheit),num,8,12.2
NOAAC_MIN_TEMP_DEC,Monthly (December) minimum temperature (Fahrenheit),num,8,12.2
NOAAC_MIN_TEMP_FEB,Monthly (February) minimum temperature (Fahrenheit),num,8,12.2
NOAAC_MIN_TEMP_JAN,Monthly (January) minimum temperature (Fahrenheit),num,8,12.2
NOAAC_MIN_TEMP_JUL,Monthly (July) minimum temperature (Fahrenheit),num,8,12.2
NOAAC_MIN_TEMP_JUN,Monthly (June) minimum temperature (Fahrenheit),num,8,12.2
NOAAC_MIN_TEMP_MAR,Monthly (March) minimum temperature (Fahrenheit),num,8,12.2
NOAAC_MIN_TEMP_MAY,Monthly (May) minimum temperature (Fahrenheit),num,8,12.2
NOAAC_MIN_TEMP_NOV,Monthly (November) minimum temperature (Fahrenheit),num,8,12.2
NOAAC_MIN_TEMP_OCT,Monthly (October) minimum temperature (Fahrenheit),num,8,12.2
NOAAC_MIN_TEMP_SEP,Monthly (September) minimum temperature (Fahrenheit),num,8,12.2
NOAAC_PRECIPITATION_APR,Monthly (April) precipitation (Inches),num,8,12.2
NOAAC_PRECIPITATION_AUG,Monthly (August) precipitation (Inches),num,8,12.2
NOAAC_PRECIPITATION_DEC,Monthly (December) precipitation (Inches),num,8,12.2
NOAAC_PRECIPITATION_FEB,Monthly (February) precipitation (Inches),num,8,12.2
NOAAC_PRECIPITATION_JAN,Monthly (January) precipitation (Inches),num,8,12.2
NOAAC_PRECIPITATION_JUL,Monthly (July) precipitation (Inches),num,8,12.2
NOAAC_PRECIPITATION_JUN,Monthly (June) precipitation (Inches),num,8,12.2
NOAAC_PRECIPITATION_MAR,Monthly (March) precipitation (Inches),num,8,12.2
NOAAC_PRECIPITATION_MAY,Monthly (May) precipitation (Inches),num,8,12.2
NOAAC_PRECIPITATION_NOV,Monthly (November) precipitation (Inches),num,8,12.2
NOAAC_PRECIPITATION_OCT,Monthly (October) precipitation (Inches),num,8,12.2
NOAAC_PRECIPITATION_SEP,Monthly (September) precipitation (Inches),num,8,12.2
NOAAS_PROPERTY_DAMAGE,Estimated amount of damage to property incurred by the storm events during the year (Dollar),num,8,12.
NOAAS_TOT_DEATHS_DIRECT,Total number of deaths directly caused by storm events during the year,num,8,12.
NOAAS_TOT_DEATHS_INDIRECT,Total number of deaths indirectly caused by storm events during the year,num,8,12.
NOAAS_TOT_INJURIES_DIRECT,Total number of injuries directly caused by storm events during the year,num,8,12.
NOAAS_TOT_INJURIES_INDIRECT,Total number of injuries indirectly caused by storm events during the year,num,8,12.
NOAAS_TOT_STORMEVENT,Total number of storm events,num,8,12.
NOAAS_TOT_TORNADO,Total number of tornadoes,num,8,12.
NOAAS_TOT_WIND,Total number of wind events,num,8,12.
NOAAS_TOT_HAIL,Total number of hail events,num,8,12.
NOAAS_TOT_HURRICANE_STORM,Total number of hurricanes and tropical storms,num,8,12.
NOAAS_TOT_FLOOD,Total number of floods,num,8,12.
NOAAS_TOT_WILDFIRE,Total number of wildfires,num,8,12.
NOAAS_TOT_HEAT_EVENTS,Total number of heat events,num,8,12.
NOAAS_TOT_DROUGHT,Total number of drought,num,8,12.
SAIPE_MEDIAN_HH_INCOME,Estimated median household income,num,8,12.
SAIPE_PCT_POV,Estimated percentage of people of all ages in poverty,num,8,6.2
SAIPE_PCT_POV_0_17,Estimated percentage of people aged 0-17 in poverty,num,8,6.2
SAIPE_PCT_POV_5_17,Estimated percentage of related children aged 5-17 in families in poverty,num,8,6.2
SAIPE_TOT_POV,Estimated number of people of all ages in poverty,num,8,12.
SAIPE_TOT_POV_0_17,Estimated number of people aged 0-17 in poverty,num,8,12.
SAIPE_TOT_POV_5_17,Estimated number of related children aged 5-17 in families in poverty,num,8,12.
WUSTL_AVG_PM25,Annual mean of Particulate Matter (PM2.5) concentration (µg/m3),num,8,6.2
HHC_PCT_HHA_NURSING,Percentage of home health agencies offering nursing care services,num,8,6.2
HHC_PCT_HHA_PHYS_THERAPY,Percentage of home health agencies offering physical therapy services,num,8,6.2
HHC_PCT_HHA_OCC_THERAPY,Percentage of home health agencies offering occupational therapy services,num,8,6.2
HHC_PCT_HHA_SPEECH,Percentage of home health agencies offering speech pathology services,num,8,6.2
HHC_PCT_HHA_MEDICAL,Percentage of home health agencies offering medical social services,num,8,6.2
HHC_PCT_HHA_AIDE,Percentage of home health agencies offering home health aide services,num,8,6.2
HIFLD_MEDIAN_DIST_UC,"Median distance in miles to the nearest urgent care, calculated using population weighted tract centroids in the county",num,8,12.2
HIFLD_MEAN_DIST_UC,"Mean distance in miles to the nearest urgent care, calculated using population weighted tract centroids in the county",num,8,12.2
HIFLD_MIN_DIST_UC,"Minimum distance in miles to the nearest urgent care, calculated using population weighted tract centroids in the county",num,8,12.2
HIFLD_MAX_DIST_UC,"Maximum distance in miles to the nearest urgent care, calculated using population weighted tract centroids in the county",num,8,12.2
HIFLD_UC,Total number of urgent care organizations,num,8,12.
HIFLD_UC_RATE,"Total number of urgent care organizations per 1,000 population",num,8,12.2
IHS_HEALTH_FACILITY,Total number of Indian Health Service health care facilities,num,8,12.
IHS_HEALTH_FACILITY_RATE,"Total number of Indian Health Service health care facilities per 1,000 population",num,8,12.2
LTC_AVG_PCT_PRESSURE_ULCER,Average percentage of high-risk long-stay nursing home residents with pressure ulcers in the county,num,8,6.2
LTC_PCT_RESD_BLACK,Average percentage of residents present in a nursing home on the 1st Thursday of April within the county who are black,num,8,6.2
LTC_PCT_RESD_HISPANIC,Average percentage of residents present in a nursing home on the 1st Thursday of April within the county who are Hispanic,num,8,6.2
LTC_PCT_RESD_WHITE,Average percentage of residents present in a nursing home on the 1st Thursday of April within the county who are white,num,8,6.2
LTC_AVG_AGE,Average age of residents present in a nursing home on the 1st Thursday of April within a county,num,8,12.2
LTC_PCT_MULTI_FAC,Percentage of nursing homes that are owned or leased by a multi-facility (chain) organization,num,8,6.2
LTC_PCT_FOR_PROFIT,Percentage of nursing homes that are for-profit,num,8,6.2
LTC_AVG_ACUITY_INDEX,Average acuity index of the nursing home residents in the county,num,8,12.2
LTC_TOT_BEDS,Total number of nursing home beds in the county,num,8,12.
LTC_TOT_BEDS_RATE,"Total number of nursing home beds in the county per 1,000 population",num,8,12.2
LTC_AVG_OBS_REHOSP_RATE,Average rehospitalization rate in the county,num,8,12.2
LTC_AVG_OBS_SUCCESSFUL_DISC_RATE,Average successful discharge rate in the county,num,8,12.2
LTC_AVG_PCT_MEDICAID,Average percentage of nursing home residents in the county whose primary support is Medicaid,num,8,6.2
LTC_AVG_PCT_MEDICARE,Average percentage of nursing home residents in the county whose primary support is Medicare,num,8,6.2
LTC_OCCUPANCY_RATE,Total nursing home occupancy rate in the county,num,8,12.2
MGV_PCT_MEDICAID,Percentage of Medicare FFS beneficiaries who are eligible for Medicaid for at least one month,num,8,6.2
MGV_TOT_BEN_PART_A_B,Total number of Medicare beneficiaries with Part A and Part B,num,8,12.
MGV_TOT_BEN_FFS,Total number of Medicare FFS beneficiaries,num,8,12.
MGV_PCT_BEN_FFS_WHITE,Percentage of Medicare FFS beneficiaries who are non-Hispanic White,num,8,6.2
MGV_PCT_BEN_FFS_BLACK,Percentage of Medicare FFS beneficiaries who are Black or African American,num,8,6.2
MGV_PCT_BEN_FFS_HISPANIC,Percentage of Medicare FFS beneficiaries who are Hispanic,num,8,6.2
MGV_PER_CAPITA_ACTUAL_IP,Per capita Medicare inpatient actual payment,num,8,16.2
MGV_PER_CAPITA_STD_IP,Per capita Medicare inpatient standardized payment,num,8,16.2
MGV_PER_CAPITA_ACTUAL_OP,Per capita Medicare outpatient actual payment,num,8,16.2
MGV_PER_CAPITA_STD_OP,Per capita Medicare outpatient standardized payment,num,8,16.2
MGV_PER_CAPITA_ACTUAL_EM,Per capita Medicare E&M actual payment,num,8,16.2
MGV_PER_CAPITA_STD_EM,Per capita Medicare E&M standardized payment,num,8,16.2
MGV_PER_CAPITA_ACTUAL_PA,Per capita Medicare post acute care actual payment,num,8,16.2
MGV_PER_CAPITA_STD_PA,Per capita Medicare post acute care standardized payment,num,8,16.2
MGV_PER_CAPITA_ACTUAL_HC,Per capita Medicare FQHC/RHC actual payment,num,8,16.2
MGV_PER_CAPITA_STD_HC,Per capita Medicare FQHC/RHC standardized payment,num,8,16.2
MMD_OVERALL_PQI_M_RATE,"Prevention quality overall composite per 100,000 male Medicare (dual and non-dual) beneficiaries",num,8,12.2
MMD_OVERALL_PQI_F_RATE,"Prevention quality overall composite per 100,000 female Medicare (dual and non-dual) beneficiaries",num,8,12.2
MMD_OVERALL_PQI_WHITE_RATE,"Prevention quality overall composite per 100,000 White Medicare (dual and non-dual) beneficiaries",num,8,12.2
MMD_OVERALL_PQI_BLACK_RATE,"Prevention quality overall composite per 100,000 Black Medicare (dual and non-dual) beneficiaries",num,8,12.2
MMD_OVERALL_PQI_OTHER_RATE,"Prevention quality overall composite per 100,000 other race Medicare (dual and non-dual) beneficiaries",num,8,12.2
MMD_OVERALL_PQI_ASIAN_RATE,"Prevention quality overall composite per 100,000 Asian or Pacific Islander Medicare (dual and non-dual) beneficiaries",num,8,12.2
MMD_OVERALL_PQI_HISP_RATE,"Prevention quality overall composite per 100,000 Hispanic Medicare (dual and non-dual) beneficiaries",num,8,12.2
MMD_OVERALL_PQI_AIAN_RATE,"Prevention quality overall composite per 100,000 American Indian or Alaska Native Medicare (dual and non-dual) beneficiaries",num,8,12.2
MMD_ACUTE_PQI_M_RATE,"Prevention quality acute composite per 100,000 male Medicare (dual and non-dual) beneficiaries",num,8,12.2
MMD_ACUTE_PQI_F_RATE,"Prevention quality acute composite per 100,000 female Medicare (dual and non-dual) beneficiaries",num,8,12.2
MMD_ACUTE_PQI_WHITE_RATE,"Prevention quality acute composite per 100,000 White Medicare (dual and non-dual) beneficiaries",num,8,12.2
MMD_ACUTE_PQI_BLACK_RATE,"Prevention quality acute composite per 100,000 Black Medicare (dual and non-dual) beneficiaries",num,8,12.2
MMD_ACUTE_PQI_OTHER_RATE,"Prevention quality acute composite per 100,000 other race Medicare (dual and non-dual) beneficiaries",num,8,12.2
MMD_ACUTE_PQI_ASIAN_RATE,"Prevention quality acute composite per 100,000 Asian or Pacific Islander Medicare (dual and non-dual) beneficiaries",num,8,12.2
MMD_ACUTE_PQI_HISP_RATE,"Prevention quality acute composite per 100,000 Hispanic Medicare (dual and non-dual) beneficiaries",num,8,12.2
MMD_ACUTE_PQI_AIAN_RATE,"Prevention quality acute composite per 100,000 American Indian or Alaska Native Medicare (dual and non-dual) beneficiaries",num,8,12.2
MMD_CHRONIC_PQI_M_RATE,"Prevention quality chronic composite per 100,000 male Medicare (dual and non-dual) beneficiaries",num,8,12.2
MMD_CHRONIC_PQI_F_RATE,"Prevention quality chronic composite per 100,000 female Medicare (dual and non-dual) beneficiaries",num,8,12.2
MMD_CHRONIC_PQI_WHITE_RATE,"Prevention quality chronic composite per 100,000 White Medicare (dual and non-dual) beneficiaries",num,8,12.2
MMD_CHRONIC_PQI_BLACK_RATE,"Prevention quality chronic composite per 100,000 Black Medicare (dual and non-dual) beneficiaries",num,8,12.2
MMD_CHRONIC_PQI_OTHER_RATE,"Prevention quality chronic composite per 100,000 other race Medicare (dual and non-dual) beneficiaries",num,8,12.2
MMD_CHRONIC_PQI_ASIAN_RATE,"Prevention quality chronic composite per 100,000 Asian or Pacific Islander Medicare (dual and non-dual) beneficiaries",num,8,12.2
MMD_CHRONIC_PQI_HISP_RATE,"Prevention quality chronic composite per 100,000 Hispanic Medicare (dual and non-dual) beneficiaries",num,8,12.2
MMD_CHRONIC_PQI_AIAN_RATE,"Prevention quality chronic composite per 100,000 American Indian or Alaska Native Medicare (dual and non-dual) beneficiaries",num,8,12.2
MMD_ED_VISITS_M_RATE,"Emergency department visits per 1,000 male Medicare (dual and non-dual) beneficiaries",num,8,12.2
MMD_ED_VISITS_F_RATE,"Emergency department visits per 1,000 female Medicare (dual and non-dual) beneficiaries",num,8,12.2
MMD_ED_VISITS_WHITE_RATE,"Emergency department visits per 1,000 White Medicare (dual and non-dual) beneficiaries",num,8,12.2
MMD_ED_VISITS_BLACK_RATE,"Emergency department visits per 1,000 Black Medicare (dual and non-dual) beneficiaries",num,8,12.2
MMD_ED_VISITS_OTHER_RATE,"Emergency department visits per 1,000 other race Medicare (dual and non-dual) beneficiaries",num,8,12.2
MMD_ED_VISITS_ASIAN_RATE,"Emergency department visits per 1,000 Asian or Pacific Islander Medicare (dual and non-dual) beneficiaries",num,8,12.2
MMD_ED_VISITS_HISP_RATE,"Emergency department visits per 1,000 Hispanic Medicare (dual and non-dual) beneficiaries",num,8,12.2
MMD_ED_VISITS_AIAN_RATE,"Emergency department visits per 1,000 American Indian or Alaska Native Medicare (dual and non-dual) beneficiaries",num,8,12.2
MMD_ED_VISITS_MED_RATE,"Emergency department visits per 1,000 Medicare only beneficiaries",num,8,12.2
MMD_ED_VISITS_DUAL_RATE,"Emergency department visits per 1,000 dual beneficiaries",num,8,12.2
MMD_READM_M_RATE,All cause readmissions per 100 male admissions,num,8,12.2
MMD_READM_F_RATE,All cause readmissions per 100 female admissions,num,8,12.2
MMD_READM_WHITE_RATE,All cause readmissions per 100 White admissions,num,8,12.2
MMD_READM_BLACK_RATE,All cause readmissions per 100 Black admissions,num,8,12.2
MMD_READM_OTHER_RATE,All cause readmissions per 100 other race admissions,num,8,12.2
MMD_READM_ASIAN_RATE,All cause readmissions per 100 Asian or Pacific Islander admissions,num,8,12.2
MMD_READM_HISP_RATE,All cause readmissions per 100 Hispanic admissions,num,8,12.2
MMD_READM_AIAN_RATE,All cause readmissions per 100 American Indian or Alaska Native admissions,num,8,12.2
MMD_ANXIETY_DISD,Prevalence of anxiety disorders among Medicare (dual and non-dual) beneficiaries,num,8,6.2
MMD_BIPOLAR_DISD,Prevalence of bipolar disorder among Medicare (dual and non-dual) beneficiaries,num,8,6.2
MMD_DEPR_DISD,Prevalence of depressive disorders among Medicare (dual and non-dual) beneficiaries,num,8,6.2
MMD_PERSONALITY_DISD,Prevalence of personality disorders among Medicare (dual and non-dual) beneficiaries,num,8,6.2
MMD_OUD_IND,Prevalence of the overarching Opioid Use Disorder (OUD) indicator among Medicare (dual and non-dual) beneficiaries,num,8,6.2
PC_PCT_MEDICARE_APPRVD_FULL_AMT,Percentage of clinicians who accept Medicare Approved Amounts in full,num,8,6.2
PC_PCT_MCARE_MAY_ACPT_APPRVD_AMT,Percentage of clinicians who may accept the Medicare Approved Amounts,num,8,6.2
POS_MEDIAN_DIST_ED,"Median distance in miles to the nearest emergency department, calculated using population weighted tract centroids in the county",num,8,12.2
POS_MEAN_DIST_ED,"Mean distance in miles to the nearest emergency department, calculated using population weighted tract centroids in the county",num,8,12.2
POS_MIN_DIST_ED,"Minimum distance in miles to the nearest emergency department, calculated using population weighted tract centroids in the county",num,8,12.2
POS_MAX_DIST_ED,"Maximum distance in miles to the nearest emergency department, calculated using population weighted tract centroids in the county",num,8,12.2
POS_MEDIAN_DIST_MEDSURG_ICU,"Median distance in miles to the nearest medical-surgical ICU, calculated using population weighted tract centroids in the county",num,8,12.2
POS_MEAN_DIST_MEDSURG_ICU,"Mean distance in miles to the nearest medical-surgical ICU, calculated using population weighted tract centroids in the county",num,8,12.2
POS_MIN_DIST_MEDSURG_ICU,"Minimum distance in miles to the nearest medical-surgical ICU, calculated using population weighted tract centroids in the county",num,8,12.2
POS_MAX_DIST_MEDSURG_ICU,"Maximum distance in miles to the nearest medical-surgical ICU, calculated using population weighted tract centroids in the county",num,8,12.2
POS_MEDIAN_DIST_TRAUMA,"Median distance in miles to the nearest designated trauma center, calculated using population weighted tract centroids in the county",num,8,12.2
POS_MEAN_DIST_TRAUMA,"Mean distance in miles to the nearest designated trauma center, calculated using population weighted tract centroids in the county",num,8,12.2
POS_MIN_DIST_TRAUMA,"Minimum distance in miles to the nearest designated trauma center, calculated using population weighted tract centroids in the county",num,8,12.2
POS_MAX_DIST_TRAUMA,"Maximum distance in miles to the nearest designated trauma center, calculated using population weighted tract centroids in the county",num,8,12.2
POS_MEDIAN_DIST_PED_ICU,"Median distance in miles to the nearest pediatric ICU, calculated using population weighted tract centroids in the county",num,8,12.2
POS_MEAN_DIST_PED_ICU,"Mean distance in miles to the nearest pediatric ICU, calculated using population weighted tract centroids in the county",num,8,12.2
POS_MIN_DIST_PED_ICU,"Minimum distance in miles to the nearest pediatric ICU, calculated using population weighted tract centroids in the county",num,8,12.2
POS_MAX_DIST_PED_ICU,"Maximum distance in miles to the nearest pediatric ICU, calculated using population weighted tract centroids in the county",num,8,12.2
POS_MEDIAN_DIST_OBSTETRICS,"Median distance in miles to the nearest obstetrics department, calculated using population weighted tract centroids in the county",num,8,12.2
POS_MEAN_DIST_OBSTETRICS,"Mean distance in miles to the nearest obstetrics department, calculated using population weighted tract centroids in the county",num,8,12.2
POS_MIN_DIST_OBSTETRICS,"Minimum distance in miles to the nearest obstetrics department, calculated using population weighted tract centroids in the county",num,8,12.2
POS_MAX_DIST_OBSTETRICS,"Maximum distance in miles to the nearest obstetrics department, calculated using population weighted tract centroids in the county",num,8,12.2
POS_MEDIAN_DIST_CLINIC,"Median distance in miles to the nearest health clinic (FQHC, RHC), calculated using population weighted tract centroids in the county",num,8,12.2
POS_MEAN_DIST_CLINIC,"Mean distance in miles to the nearest health clinic (FQHC, RHC), calculated using population weighted tract centroids in the county",num,8,12.2
POS_MIN_DIST_CLINIC,"Minimum distance in miles to the nearest health clinic (FQHC, RHC), calculated using population weighted tract centroids in the county",num,8,12.2
POS_MAX_DIST_CLINIC,"Maximum distance in miles to the nearest health clinic (FQHC, RHC), calculated using population weighted tract centroids in the county",num,8,12.2
POS_MEDIAN_DIST_ALC,"Median distance in miles to the nearest hospital with alcohol and drug abuse inpatient care, calculated using population weighted tract centroids in the county",num,8,12.2
POS_MEAN_DIST_ALC,"Mean distance in miles to the nearest hospital with alcohol and drug abuse inpatient care, calculated using population weighted tract centroids in the county",num,8,12.2
POS_MIN_DIST_ALC,"Minimum distance in miles to the nearest hospital with alcohol and drug abuse inpatient care, calculated using population weighted tract centroids in the county",num,8,12.2
POS_MAX_DIST_ALC,"Maximum distance in miles to the nearest hospital with alcohol and drug abuse inpatient care, calculated using population weighted tract centroids in the county",num,8,12.2
POS_TOT_FQHC,Total number of Federally Qualified Health Centers (FQHCs),num,8,12.
POS_FQHC_RATE,"Total number of Federally Qualified Health Centers (FQHCs) per 1,000 population",num,8,12.2
POS_TOT_CMHC,Total number of Community Mental Health Centers,num,8,12.
POS_CMHC_RATE,"Total number of Community Mental Health Centers per 1,000 population",num,8,12.2
POS_TOT_RHC,Total number of Rural Health Clinics (RHCs),num,8,12.
POS_RHC_RATE,"Total number of Rural Health Clinics (RHCs) per 1,000 population",num,8,12.2
POS_TOT_HHA,Total number of home health agencies,num,8,12.
POS_HHA_RATE,"Total number of home health agencies per 1,000 population",num,8,12.2
POS_TOT_HOSPICE,Total number of hospices,num,8,12.
POS_HOSPICE_RATE,"Total number of hospices per 1,000 population",num,8,12.2
POS_TOT_ASC,Total number of ambulatory surgical centers,num,8,12.
POS_ASC_RATE,"Total number of ambulatory surgical centers per 1,000 population",num,8,12.2
POS_TOT_NF,Total number of nursing facilities,num,8,12.
POS_NF_RATE,"Total number of nursing facilities per 1,000 population",num,8,12.2
POS_TOT_NF_BEDS,Total number of nursing facility certified beds,num,8,12.
POS_NF_BEDS_RATE,"Total number of nursing facility certified beds per 1,000 population",num,8,12.2
POS_TOT_SNF,Total number of skilled nursing facilities,num,8,12.
POS_SNF_RATE,"Total number of skilled nursing facilities per 1,000 population",num,8,12.2
POS_TOT_SNF_BEDS,Total number of skilled nursing facility certified beds,num,8,12.
POS_SNF_BEDS_RATE,"Total number of skilled nursing facility certified beds per 1,000 population",num,8,12.2
POS_TOT_HOSP_OBSTETRIC,Total number of hospitals with obstetric care,num,8,12.
POS_HOSP_OBSTETRIC_RATE,"Total number of hospitals with obstetric care per 1,000 population",num,8,12.2
POS_TOT_HOSP_PED_ICU,Total number of hospitals with pediatric ICU,num,8,12.
POS_HOSP_PED_ICU_RATE,"Total number of hospitals with pediatric ICU per 1,000 population",num,8,12.2
POS_TOT_HOSP_BURN,Total number of hospitals with burn care,num,8,12.
POS_HOSP_BURN_RATE,"Total number of hospitals with burn care per 1,000 population",num,8,12.2
POS_TOT_HOSP_MEDSURG_ICU,Total number of hospitals with medical-surgical ICU,num,8,12.
POS_HOSP_MEDSURG_ICU_RATE,"Total number of hospitals with medical-surgical ICU per 1,000 population",num,8,12.2
POS_TOT_HOSP_REHAB,Total number of hospitals with rehabilitative care,num,8,12.
POS_HOSP_REHAB_RATE,"Total number of hospitals with rehabilitative care per 1,000 population",num,8,12.2
POS_TOT_HOSP_ALC,Total number of hospitals with alcohol and/or drug abuse inpatient care,num,8,12.
POS_HOSP_ALC_RATE,"Total number of hospitals with alcohol and/or drug abuse inpatient care per 1,000 population",num,8,12.2
POS_TOT_HOSP_PSYCH,Total number of hospitals with psychiatric care,num,8,12.
POS_HOSP_PSYCH_RATE,"Total number of hospitals with psychiatric care per 1,000 population",num,8,12.2
POS_TOT_HOSP_AMBULANCE,Total number of hospitals with ambulance services,num,8,12.
POS_HOSP_AMBULANCE_RATE,"Total number of hospitals with ambulance services per 1,000 population",num,8,12.2
POS_TOT_HOSP_CHEMO,Total number of hospitals with chemotherapy,num,8,12.
POS_HOSP_CHEMO_RATE,"Total number of hospitals with chemotherapy per 1,000 population",num,8,12.2
POS_TOT_HOSP_ED,Total number of hospitals with emergency department,num,8,12.
POS_HOSP_ED_RATE,"Total number of hospitals with emergency department per 1,000 population",num,8,12.2
POS_PCT_HOSP_FOR_PROFIT,Percentage of hospitals that are private for-profit hospitals,num,8,6.2
POS_PCT_HOSP_NON_PROFIT,Percentage of hospitals that are private not-for-profit hospitals,num,8,6.2
POS_PCT_HOSP_GOV,"Percentage of hospitals that are government (federal, state, local, district) hospitals",num,8,6.2
CEN_AIAN_NH_IND,American Indian/Alaska Native areas/Hawaiian home land indicator,char,1,
